dataset,method,n_images,ods_threshold,ods_f,ois_f,ap
BSDS500,AGWi_fmax0.25,200,0.37,0.5332880732077335,0.5642205627452764,0.5106802348581408
BSDS500,AGWi_fmax0.35,200,0.38,0.5337662352636269,0.5642126032353414,0.5134579072739238
BSDS500,AGWi_fmax0.45,200,0.4,0.5340784906032419,0.5643271554138797,0.5162084298573617
BSDS500,AGWi_fmax0.55,200,0.4,0.5341754904252535,0.5642661513750444,0.5175388892185471
